folder_name,file_name,joint_accuracy,slot_error_rate,slot_total_ref,slot_total_hyp,slot_f1,slot_precision,slot_recall
empt_slot_place,O7BI_MW24_MP_ST_PH-empty_SO_Labse_NN-10_UA_SV.json,4.462832338578345,68.65382342512706,42305,44046,71.95747587831532,0.7053534940743752,0.7343812788086497
empt_slot_place,O7BI_MW24_MP_ST_PH-NA_SO_Labse_NN-10_UA_SV.json,0.5018990775908777,117.90332112043494,42305,70845,61.785240826073625,0.4934010868798073,0.826261671197256
empt_slot_place,O7BI_MW24_MP_ST_PH-none_SO_Labse_NN-10_UA_SV.json,3.5675529028756974,70.76232123862428,42305,49777,73.17391020549735,0.6768186110050813,0.796359768348893
